{
  "dev": {
    "awscloudformation": {
      "AuthRoleName": "amplify-squash-dev-211944-authRole",
      "UnauthRoleArn": "arn:aws:iam::358176409872:role/amplify-squash-dev-211944-unauthRole",
      "AuthRoleArn": "arn:aws:iam::358176409872:role/amplify-squash-dev-211944-authRole",
      "Region": "us-east-2",
      "DeploymentBucketName": "amplify-squash-dev-211944-deployment",
      "UnauthRoleName": "amplify-squash-dev-211944-unauthRole",
      "StackName": "amplify-squash-dev-211944",
      "StackId": "arn:aws:cloudformation:us-east-2:358176409872:stack/amplify-squash-dev-211944/61d81110-f171-11ea-b5c1-02a370451b20",
      "AmplifyAppId": "d2slqd4d98jp4g"
    },
    "categories": {
      "auth": {
        "squash4b565399": {}
      }
    }
  }
}